crane_id,operation_time
CRANE_01,8.777777777777779
CRANE_02,15.0
CRANE_03,9.5
CRANE_04,10.1875
CRANE_05,10.909090909090908
CRANE_06,14.818181818181818
CRANE_07,12.0
CRANE_08,17.833333333333332
CRANE_09,4.75
CRANE_10,12.0
